dataset,model,threshold,precision,recall,dice,tp,fp,fn
Thebe,U-Net,0.9975,0.0,0.0,0.0,0,0,49313145
Thebe,U-Net,0.9875,0.0,0.0,0.0,0,0,49313145
Thebe,U-Net,0.9775,0.0,0.0,0.0,0,8,49313145
Thebe,U-Net,0.9675,0.015360983102918587,2.0278568726452146e-07,4.0556602051077147e-07,10,641,49313135
Thebe,U-Net,0.9575,0.01808873720136519,2.1495282850039276e-06,4.298545763443525e-06,106,5754,49313039
Thebe,U-Net,0.9475,0.02266801244848179,1.0930148543557707e-05,2.1849761485936204e-05,539,23239,49312606
Thebe,U-Net,0.9375,0.04148856331777988,5.156840027136781e-05,0.00010300876532490829,2543,58751,49310602
Thebe,U-Net,0.9275,0.07226834568451551,0.00018410912546745902,0.00036728257055888966,9079,116550,49304066
Thebe,U-Net,0.9175,0.10241821935971167,0.000505950289724981,0.0010069263212840777,24950,218659,49288195
Thebe,U-Net,0.9075,0.12185016048308706,0.0011616983666322641,0.0023014550585730696,57287,412856,49255858
Thebe,U-Net,0.8975,0.130966460575186,0.0023668334274765885,0.0046496383230651295,116716,774474,49196429
Thebe,U-Net,0.8875,0.13193449540179328,0.004397874035411856,0.008512010670656859,216873,1426920,49096272
Thebe,U-Net,0.8775,0.12990480517066927,0.007654226880074268,0.014456642166853238,377454,2528166,48935691
Thebe,U-Net,0.8675,0.1256659467166894,0.012113646371570906,0.022097217815115682,597362,4156209,48715783
Thebe,U-Net,0.8575,0.12106296580488268,0.017350525909470994,0.03035117601411095,855609,6211862,48457536
Thebe,U-Net,0.8475,0.11673041699059707,0.02308260809567104,0.03854351147292142,1138276,8613047,48174869
Thebe,U-Net,0.8375,0.11283076928354692,0.029346333518172486,0.04657809620898951,1447160,11378774,47865985
Thebe,U-Net,0.8275,0.10953190839465618,0.036125824057662514,0.05433189690304516,1781478,14482988,47531667
Thebe,U-Net,0.8175,0.10672023747259138,0.04319799517958143,0.061501529498426515,2130229,17830643,47182916
Thebe,U-Net,0.8075,0.1043082904648705,0.05048978320080782,0.06804352078685957,2489810,21379913,46823335
Thebe,U-Net,0.7975,0.10228365082556357,0.05810333127201682,0.07410851890726702,2865258,25147606,46447887
Thebe,U-Net,0.7875,0.10054199848727405,0.06614988762124176,0.07979802804341135,3262059,29182681,46051086
Thebe,U-Net,0.7775,0.09901518367810382,0.07469669598237955,0.08515372796953603,3683529,33518129,45629616
Thebe,U-Net,0.7675,0.09764952428817181,0.08378125142900539,0.09018535376890334,4131517,38178131,45181628
Thebe,U-Net,0.7575,0.09640675803111652,0.0934720955234147,0.09491674851722535,4609403,43202629,44703742
Thebe,U-Net,0.7475,0.09526572154086203,0.10381313136690025,0.09935593580766945,5119352,48618256,44193793
Thebe,U-Net,0.7375,0.09418390399915876,0.11478805499020596,0.10347021871961234,5660560,54440580,43652585
Thebe,U-Net,0.7275,0.09312455248140815,0.1263430267933631,0.10721982598211498,6230372,60673273,43082773
Thebe,U-Net,0.7175,0.09208492486968098,0.13841524404902586,0.11059390896644739,6825691,67298179,42487454
Thebe,U-Net,0.7075,0.09106005967268516,0.15099397939433795,0.11360703441975994,7445988,74324088,41867157
Thebe,U-Net,0.6975,0.09002745940674207,0.16399493481910352,0.11624209261024264,8087106,81742220,41226039
Thebe,U-Net,0.6875,0.08898643935417264,0.17736086392380773,0.11851227001076516,8746222,89540911,40566923
Thebe,U-Net,0.6775,0.08795659707100009,0.19109205060841283,0.12046506326843122,9423350,97713014,39889795
Thebe,U-Net,0.6675,0.08696631164759756,0.2051714203180511,0.12215472175061558,10117648,106222206,39195497
Thebe,U-Net,0.6575,0.08596385886227122,0.21945312958644192,0.12353627055569309,10821924,115067306,38491221
Thebe,U-Net,0.6475,0.08499845298630727,0.23400501022597525,0.12470124092049098,11539523,124222042,37773622
Thebe,U-Net,0.6375,0.08404177417391327,0.24871212330910958,0.12563163502855795,12264777,133671897,37048368
Thebe,U-Net,0.6275,0.0831003100925473,0.26354321956143745,0.12635760598332563,12996145,143394908,36317000
Thebe,U-Net,0.6175,0.08216841380258963,0.2784249311213065,0.126889390918523,13730009,153365939,35583136
Thebe,U-Net,0.6075,0.08126341509832616,0.2933978556833072,0.1272750273099228,14468371,163574491,34844774
Thebe,U-Net,0.5975,0.08037008373033072,0.30838748978593844,0.12750943036969617,15207557,174011569,34105588
Thebe,U-Net,0.5875,0.07950109742525797,0.32338555977315986,0.1276264995829131,15947159,184643267,33365986
Thebe,U-Net,0.5775,0.07864590255364451,0.3383739568830988,0.12762809558116964,16686284,195483498,32626861
Thebe,U-Net,0.5675,0.07781111695588284,0.3533603869718713,0.127537957159856,17425312,206518421,31887833
Thebe,U-Net,0.5575,0.07699263330271859,0.36831672366465373,0.1273616823930748,18162856,217740960,31150289
Thebe,U-Net,0.5475,0.07618653537047734,0.38322714967783944,0.12710439302994334,18898136,229152729,30415009
Thebe,U-Net,0.5375,0.07539320367114655,0.3980857233907916,0.1267763201560669,19630859,240748831,29682286
Thebe,U-Net,0.5275,0.07460603699407141,0.4128510359661709,0.12637494200374458,20358983,252527553,28954162
Thebe,U-Net,0.5175,0.07383202316104634,0.42753563983801884,0.12591885593049199,21083127,264472193,28230018
Thebe,U-Net,0.5075,0.0730701257758991,0.44215494671856764,0.12541438409718958,21804051,276594929,27509094
Thebe,U-Net,0.4975,0.07231810993976882,0.45668569708948803,0.12486354922663535,22520608,288889743,26792537
Thebe,U-Net,0.4875,0.07158201996400432,0.4711760525515053,0.12428275251249742,23235173,301359928,26077972
Thebe,U-Net,0.4775,0.07084941118006712,0.4855414717515989,0.12365525184685279,23943577,314006684,25369568
Thebe,U-Net,0.4675,0.07012121213828246,0.49979967815883575,0.12298745266400082,24646694,326840299,24666451
Thebe,U-Net,0.4575,0.06940893513452816,0.5140383765829577,0.12230361035301476,25348849,339861321,23964296
Thebe,U-Net,0.4475,0.06870051487661578,0.5281835096909759,0.12158636375431726,26046390,353083083,23266755
Thebe,U-Net,0.4375,0.06799982215773445,0.5422641366718752,0.12084562531571813,26740750,366506602,22572395
Thebe,U-Net,0.4275,0.06730212933220542,0.5562657380704475,0.12007632401788729,27431213,380151924,21881932
Thebe,U-Net,0.4175,0.06661316518546904,0.5702219965893476,0.11929081285441123,28119440,394010929,21193705
Thebe,U-Net,0.4075,0.0659249229502351,0.5840773489502646,0.11847729120681608,28802691,408098707,20510454
Thebe,U-Net,0.3975,0.06524125649451966,0.5978835663391576,0.117645045886556,29483519,422431735,19829626
Thebe,U-Net,0.3875,0.06456261925765988,0.6116319492500427,0.1167964444091835,30161495,437005038,19151650
Thebe,U-Net,0.3775,0.06389064954691712,0.6253278917822013,0.11593595583984966,30836885,451814101,18476260
Thebe,U-Net,0.3675,0.0632226577956723,0.6389392524042018,0.11506017948331822,31508104,466859176,17805041
Thebe,U-Net,0.3575,0.06255960042098122,0.6524682009228979,0.11417220382316927,32175259,482138432,17137886
Thebe,U-Net,0.3475,0.061902948628332455,0.6659183672020919,0.11327590874015715,32838529,497645555,16474616
Thebe,U-Net,0.3375,0.06125243338497652,0.6792581775102764,0.11237169503580298,33496357,513361215,15816788
Thebe,U-Net,0.3275,0.06061118525894857,0.6925116822299612,0.1114664171746037,34149929,529276258,15163216
Thebe,U-Net,0.3175,0.05997242478929875,0.7055620565267131,0.11054829900408879,34793484,545364549,14519661
Thebe,U-Net,0.3075,0.05934262390879714,0.7184556572086408,0.10963007992156434,35429308,561600376,13883837
Thebe,U-Net,0.2975,0.058717703168760196,0.7311697925573394,0.10870563485976004,36056282,578005237,13256863
Thebe,U-Net,0.2875,0.058099955811449194,0.7436933499171469,0.1077797743102654,36673858,594546209,12639287
Thebe,U-Net,0.2775,0.05748248303447462,0.7559660816603767,0.10684094692571508,37279065,611250070,12034080
Thebe,U-Net,0.2675,0.05687003628524583,0.7680434699510648,0.1058987631419643,37874639,628111203,11438506
Thebe,U-Net,0.2575,0.05625488409803354,0.7798408923219153,0.10493979338185706,38456407,645153694,10856738
Thebe,U-Net,0.2475,0.05565276846292731,0.791356543980312,0.10399220378515023,39024280,662185760,10288865
Thebe,U-Net,0.2375,0.0550680127503964,0.8025780752779,0.10306437655233337,39577649,679127222,9735496
Thebe,U-Net,0.2275,0.054501959281221514,0.8134883305455372,0.10215945589896139,40115668,695925174,9197477
Thebe,U-Net,0.2175,0.0539634209878877,0.824128089984932,0.10129416014631597,40640348,712468837,8672797
Thebe,U-Net,0.2075,0.05344871452665327,0.8344359500899811,0.10046243766670532,41148661,728723194,8164484
Thebe,U-Net,0.1975,0.052958764075752625,0.8444561992547829,0.09966706252070603,41642791,744682036,7670354
Thebe,U-Net,0.1875,0.05249210222805496,0.8542360257087639,0.0989064823442123,42125065,760377849,7188080
Thebe,U-Net,0.1775,0.05204252905409298,0.8637934368209531,0.09817040760031183,42596371,775895193,6716774
Thebe,U-Net,0.1675,0.051603630063018435,0.8731343944905562,0.09744793247869282,43057003,791322341,6256142
Thebe,U-Net,0.1575,0.051168477155834426,0.8822734181727813,0.0967271502787667,43507677,806775142,5805468
Thebe,U-Net,0.1475,0.05073426929652722,0.8913034039909643,0.096003861003102,43952974,822384013,5360171
Thebe,U-Net,0.1375,0.05029225822569982,0.9001929201635791,0.09526236878419095,44391344,838276199,4921801
Thebe,U-Net,0.1275,0.04983638010168434,0.9089709244867672,0.09449202207224729,44824215,854603370,4488930
Thebe,U-Net,0.1175,0.04935801048633088,0.9176491785303899,0.09367735481414859,45252167,871562886,4060978
Thebe,U-Net,0.1075,0.04884952634413588,0.9262797779375053,0.09280477617833885,45677769,889393099,3635376
Thebe,U-Net,0.0975,0.0482990358590411,0.934855422423372,0.09185253688322345,46100661,908383423,3212484
Thebe,U-Net,0.0875,0.04769225940879216,0.9433938354570571,0.09079450061573799,46521717,928934627,2791428
Thebe,U-Net,0.0775,0.047006823317493035,0.9518799703405654,0.08958943870185282,46940195,951642387,2372950
Thebe,U-Net,0.0675,0.04621412175565124,0.960365334638462,0.08818467379392105,47358635,977406809,1954510
Thebe,U-Net,0.0575,0.045254378483307704,0.9688498066793347,0.08646980554155642,47777031,1007966802,1536114
Thebe,U-Net,0.0475,0.04408672376908065,0.9765827752417737,0.08436489008724338,48158368,1044196969,1154777
Thebe,U-Net,0.0375,0.043206158579134096,0.9812088237324956,0.08276775480531853,48386493,1071511563,926652
Thebe,U-Net,0.0275,0.04237170752519025,0.984755849581283,0.08124752676235134,48561408,1097519570,751737
Thebe,U-Net,0.0175,0.04141109308409986,0.9880323390446908,0.07949052446266283,48722982,1127845381,590163
Thebe,U-Net,0.0075,0.039975827742816425,0.9917825561521173,0.07685390153728971,48907917,1174529339,405228
CRACKS reserve,U-Net,0.9975,0.0,0.0,0.0,0,0,233174
CRACKS reserve,U-Net,0.9875,0.0,0.0,0.0,0,0,233174
CRACKS reserve,U-Net,0.9775,0.0,0.0,0.0,0,0,233174
CRACKS reserve,U-Net,0.9675,0.0,0.0,0.0,0,0,233174
CRACKS reserve,U-Net,0.9575,0.0,0.0,0.0,0,0,233174
CRACKS reserve,U-Net,0.9475,0.8148148148148148,9.435014195407721e-05,0.0001886784361988156,22,5,233152
CRACKS reserve,U-Net,0.9375,0.7721518987341772,0.0002616072117817595,0.0005230372170990298,61,18,233113
CRACKS reserve,U-Net,0.9275,0.7935779816513762,0.0007419352071843345,0.0014824844039213,173,45,233001
CRACKS reserve,U-Net,0.9175,0.7721179624664879,0.0012351291310351926,0.0024663129905329547,288,85,232886
CRACKS reserve,U-Net,0.9075,0.7295918367346939,0.0018398277681045056,0.0036703998083520845,429,159,232745
CRACKS reserve,U-Net,0.8975,0.686819830713422,0.00243594911954163,0.004854680108204666,568,259,232606
CRACKS reserve,U-Net,0.8875,0.6609294320137694,0.0032936776827605136,0.006554690700532569,768,394,232406
CRACKS reserve,U-Net,0.8775,0.6264980026631158,0.004035612889944848,0.008019567403569176,941,561,232233
CRACKS reserve,U-Net,0.8675,0.5740645822655048,0.004803279954025749,0.009526847421584264,1120,831,232054
CRACKS reserve,U-Net,0.8575,0.5275590551181102,0.005459442304888195,0.010807047927092752,1273,1140,231901
CRACKS reserve,U-Net,0.8475,0.49402526459542506,0.006205666154888624,0.012257362252915042,1447,1482,231727
CRACKS reserve,U-Net,0.8375,0.4617579908675799,0.00693902407644077,0.013672584693127371,1618,1886,231556
CRACKS reserve,U-Net,0.8275,0.4325965508865679,0.00763807285546416,0.015011104508809858,1781,2336,231393
CRACKS reserve,U-Net,0.8175,0.41110183639399,0.008448626347706005,0.016556987132615584,1970,2822,231204
CRACKS reserve,U-Net,0.8075,0.3876961933970774,0.009216293411786905,0.018004582832391494,2149,3394,231025
CRACKS reserve,U-Net,0.7975,0.3685217668633392,0.009911053547994202,0.019302971454822612,2311,3960,230863
CRACKS reserve,U-Net,0.7875,0.35388513513513514,0.01078164803966137,0.020925760993515844,2514,4590,230660
CRACKS reserve,U-Net,0.7775,0.33887915936952717,0.011617933388799781,0.022465667086844027,2709,5285,230465
CRACKS reserve,U-Net,0.7675,0.3258753775590111,0.012492816523283042,0.024063144069091706,2913,6026,230261
CRACKS reserve,U-Net,0.7575,0.3149065184436584,0.013363411014950208,0.025638810378945897,3116,6779,230058
CRACKS reserve,U-Net,0.7475,0.3050986094701445,0.014396973933628964,0.027496447249331427,3357,7646,229817
CRACKS reserve,U-Net,0.7375,0.29760039581100023,0.015477711923284758,0.029425073684982938,3609,8518,229565
CRACKS reserve,U-Net,0.7275,0.28716266587147754,0.0165198521275957,0.03124239622366052,3852,9562,229322
CRACKS reserve,U-Net,0.7175,0.27918121448620525,0.01748908540403304,0.032916163870514686,4078,10529,229096
CRACKS reserve,U-Net,0.7075,0.2731707317073171,0.01873279182070042,0.03506124480261996,4368,11622,228806
CRACKS reserve,U-Net,0.6975,0.26767705872183484,0.019920745880758574,0.037081831499199684,4645,12708,228529
CRACKS reserve,U-Net,0.6875,0.2619945805217576,0.021147297726161578,0.039135697136847954,4931,13890,228243
CRACKS reserve,U-Net,0.6775,0.2573214549392135,0.022421024642541622,0.04124801274995957,5228,15089,227946
CRACKS reserve,U-Net,0.6675,0.25375443706198236,0.02391347234254248,0.043707965572922385,5576,16398,227598
CRACKS reserve,U-Net,0.6575,0.24985253223224066,0.025431651899439904,0.04616438569448986,5930,17804,227244
CRACKS reserve,U-Net,0.6475,0.24569763320600166,0.02675684252961308,0.04825828508665066,6239,19154,226935
CRACKS reserve,U-Net,0.6375,0.24305453476407468,0.028365083585648487,0.05080150238492085,6614,20598,226560
CRACKS reserve,U-Net,0.6275,0.2403995178233167,0.029934726856339043,0.05323997269353836,6980,22055,226194
CRACKS reserve,U-Net,0.6175,0.23795761078998073,0.031778843267259646,0.056069674705085615,7410,23730,225764
CRACKS reserve,U-Net,0.6075,0.23727535882281992,0.03374733031984698,0.059090328830283326,7869,25295,225305
CRACKS reserve,U-Net,0.5975,0.23520943886191711,0.035737260586514795,0.062047192500428144,8333,27095,224841
CRACKS reserve,U-Net,0.5875,0.23484466611837743,0.037963066208067796,0.06536049057286418,8852,28841,224322
CRACKS reserve,U-Net,0.5775,0.23386032615461222,0.04028322197157488,0.06872784344714805,9393,30772,223781
CRACKS reserve,U-Net,0.5675,0.23306824313228705,0.04260766637789805,0.07204469889521793,9935,32692,223239
CRACKS reserve,U-Net,0.5575,0.23215387327046796,0.04518942935318689,0.07565281696713838,10537,34851,222637
CRACKS reserve,U-Net,0.5475,0.2322631622723114,0.047904140255774656,0.0794265926205087,11170,36922,222004
CRACKS reserve,U-Net,0.5375,0.23135601529561722,0.050597407944281955,0.08303509531300036,11798,39197,221376
CRACKS reserve,U-Net,0.5275,0.2307065318068986,0.05341075763163989,0.08674030840379446,12454,41528,220720
CRACKS reserve,U-Net,0.5175,0.2305098957150593,0.05659293060118195,0.09087497116255368,13196,44051,219978
CRACKS reserve,U-Net,0.5075,0.23043133628377038,0.05984372185578152,0.09501242637796616,13954,46602,219220
CRACKS reserve,U-Net,0.4975,0.23027382734530938,0.06333038846526629,0.09934006498442662,14767,49361,218407
CRACKS reserve,U-Net,0.4875,0.230209147051454,0.06698431214457873,0.10377349088601792,15619,52228,217555
CRACKS reserve,U-Net,0.4775,0.23005120620613637,0.07071114275176478,0.1081730059538454,16488,55183,216686
CRACKS reserve,U-Net,0.4675,0.23069715884347908,0.07497405371096263,0.11316931701585678,17482,58297,215692
CRACKS reserve,U-Net,0.4575,0.23112276757836892,0.07936562395464332,0.11815709159632747,18506,61564,214668
CRACKS reserve,U-Net,0.4475,0.23144285427278208,0.0839887809103931,0.12325081578773471,19584,65033,213590
CRACKS reserve,U-Net,0.4375,0.23276045219219285,0.08927238885982142,0.12904945676601418,20816,68615,212358
CRACKS reserve,U-Net,0.4275,0.23391391051615504,0.09457315138051413,0.13469008819720993,22052,72222,211122
CRACKS reserve,U-Net,0.4175,0.23491366343781964,0.10047003525264395,0.1407449684589967,23427,76299,209747
CRACKS reserve,U-Net,0.4075,0.23590448213778073,0.10676576290667056,0.14700151164438566,24895,80635,208279
CRACKS reserve,U-Net,0.3975,0.23708086785009863,0.11340887062880081,0.15342573843824156,26444,85096,206730
CRACKS reserve,U-Net,0.3875,0.23814893635061005,0.12045939941846004,0.15999225329448588,28088,89855,205086
CRACKS reserve,U-Net,0.3775,0.23973041334485962,0.12844485234202785,0.16726890920565418,29950,94982,203224
CRACKS reserve,U-Net,0.3675,0.24163448192625672,0.1373780953279525,0.17516719436105233,32033,100535,201141
CRACKS reserve,U-Net,0.3575,0.24323191268634445,0.14680453223772805,0.18309851621254425,34231,106503,198943
CRACKS reserve,U-Net,0.3475,0.24493055834035102,0.15716589328141217,0.1914701303043919,36647,112975,196527
CRACKS reserve,U-Net,0.3375,0.24675609603209428,0.16882242445555679,0.20048178780964798,39365,120165,193809
CRACKS reserve,U-Net,0.3275,0.2485321057823289,0.18152967311964455,0.20981149283990028,42328,127984,190846
CRACKS reserve,U-Net,0.3175,0.24962248299114276,0.19495741377683617,0.21892916912481789,45459,136652,187715
CRACKS reserve,U-Net,0.3075,0.2513882343298568,0.21046085755701752,0.2291111287483718,49074,146138,184100
CRACKS reserve,U-Net,0.2975,0.2530929623521248,0.2283702299570278,0.2400968503351211,53250,157147,179924
CRACKS reserve,U-Net,0.2875,0.25462126904200116,0.24852256254985547,0.25153495397850956,57949,169640,175225
CRACKS reserve,U-Net,0.2775,0.25575377250157694,0.2712652354036042,0.2632812337405565,63252,184064,169922
CRACKS reserve,U-Net,0.2675,0.2567267350522133,0.29785053222057345,0.2757638986775832,69451,201074,163723
CRACKS reserve,U-Net,0.2575,0.25696238106071756,0.32938492284731574,0.28870102581258716,76804,222088,156370
CRACKS reserve,U-Net,0.2475,0.25668752162821823,0.3594697522022181,0.2995059985885674,83819,242722,149355
CRACKS reserve,U-Net,0.2375,0.2554957881422835,0.38723871443642943,0.3078654098922399,90294,263113,142880
CRACKS reserve,U-Net,0.2275,0.25353477885243486,0.4128076029059844,0.3141360573078994,96256,283400,136918
CRACKS reserve,U-Net,0.2175,0.25148276143165216,0.4366052818924923,0.31914143258625094,101805,303014,131369
CRACKS reserve,U-Net,0.2075,0.24922439089298346,0.4578597956890562,0.32276164807640273,106761,321612,126413
CRACKS reserve,U-Net,0.1975,0.24691122475013588,0.47730021357441227,0.32545959389927753,111294,339451,121880
CRACKS reserve,U-Net,0.1875,0.24469255272477572,0.4951452563321811,0.32752680454631206,115455,356382,117719
CRACKS reserve,U-Net,0.1775,0.24228124606082294,0.5110646984655236,0.3287238561821061,119167,372687,114007
CRACKS reserve,U-Net,0.1675,0.23973405035443657,0.5257618773962792,0.32931076396583703,122594,388781,110580
CRACKS reserve,U-Net,0.1575,0.23742834994086925,0.5398543576899655,0.3298072325458011,125880,404301,107294
CRACKS reserve,U-Net,0.1475,0.23519369449799035,0.5536080352011802,0.3301339593978732,129087,419767,104087
CRACKS reserve,U-Net,0.1375,0.23295435507564574,0.5665168500776244,0.3301496454122278,132097,434954,101077
CRACKS reserve,U-Net,0.1275,0.23078013481871887,0.5795157264532066,0.3301034199298645,135128,450399,98046
CRACKS reserve,U-Net,0.1175,0.22869232552747507,0.5922143978316622,0.32996413355412346,138089,465731,95085
CRACKS reserve,U-Net,0.1075,0.22668937920838222,0.604964532923911,0.3297983269506829,141062,481208,92112
CRACKS reserve,U-Net,0.0975,0.2246569916935777,0.6178862137288034,0.32950822484090636,144075,497236,89099
CRACKS reserve,U-Net,0.0875,0.22286901720938462,0.6319872713081218,0.32952996646850397,147363,513846,85811
CRACKS reserve,U-Net,0.0775,0.22082742795437674,0.6454922075360031,0.32907573167052195,150512,531070,82662
CRACKS reserve,U-Net,0.0675,0.218720659614542,0.6593831216173329,0.32848215525621444,153751,549205,79423
CRACKS reserve,U-Net,0.0575,0.21653523781183356,0.6740717232624563,0.32777709422527895,157176,568692,75998
CRACKS reserve,U-Net,0.0475,0.21409756864081989,0.6895022601147641,0.3267392329328369,160774,590164,72400
CRACKS reserve,U-Net,0.0375,0.2114725125678484,0.7061121737414978,0.325470374045711,164647,613927,68527
CRACKS reserve,U-Net,0.0275,0.20847850548377914,0.7254582414848997,0.3238815700668315,169158,642235,64016
CRACKS reserve,U-Net,0.0175,0.20439686305676652,0.7500150102498563,0.3212464547605402,174884,680726,58290
CRACKS reserve,U-Net,0.0075,0.1970196577138966,0.7866743290418314,0.31511894781688493,183432,747602,49742
Thebe,Hybrid DSA,0.9975,0.7241379310344828,4.2584994325549507e-07,8.516993856448988e-07,21,8,49313124
Thebe,Hybrid DSA,0.9875,0.42674383186110265,2.8410274785759455e-05,5.681676702132604e-05,1401,1882,49311744
Thebe,Hybrid DSA,0.9775,0.43140894746612213,0.00014138218116082436,0.00028267172459308466,6972,9189,49306173
Thebe,Hybrid DSA,0.9675,0.41879769714821263,0.00038058817785805387,0.0007604852542626408,18768,26046,49294377
Thebe,Hybrid DSA,0.9575,0.4151644636689099,0.0008018957217188237,0.0016006996705863381,39544,55705,49273601
Thebe,Hybrid DSA,0.9475,0.41420043983663213,0.001470439575492498,0.0029304757638233428,72512,102553,49240633
Thebe,Hybrid DSA,0.9375,0.4154005991238247,0.0024323940401692083,0.004836467957880646,119949,168806,49193196
Thebe,Hybrid DSA,0.9275,0.41386293897033755,0.00369230151514368,0.007319303452378189,182079,257871,49131066
Thebe,Hybrid DSA,0.9175,0.4124942574257426,0.005280275674974695,0.010427075951165292,260387,370863,49052758
Thebe,Hybrid DSA,0.9075,0.40999709628868675,0.007186846428067,0.014126076606839918,354406,510005,48958739
Thebe,Hybrid DSA,0.8975,0.40684024206199926,0.00940820140350002,0.01839110750541578,463948,676421,48849197
Thebe,Hybrid DSA,0.8875,0.403003196114753,0.011920533561588903,0.023156126204017503,587839,870807,48725306
Thebe,Hybrid DSA,0.8775,0.398492291412676,0.014708066175864468,0.02836905092180905,725301,1094812,48587844
Thebe,Hybrid DSA,0.8675,0.3933538745068679,0.017728335923413524,0.03392756702721239,874240,1348288,48438905
Thebe,Hybrid DSA,0.8575,0.3871784655487949,0.020927361254286257,0.03970844367448606,1031994,1633428,48281151
Thebe,Hybrid DSA,0.8475,0.38041540819353037,0.02426663316647113,0.04562298406167031,1196664,1949013,48116481
Thebe,Hybrid DSA,0.8375,0.3731004378262904,0.027699227051935137,0.05156987216377426,1365936,2295105,47947209
Thebe,Hybrid DSA,0.8275,0.3653531718329624,0.0311702691037045,0.0574400174528111,1537104,2670069,47776041
Thebe,Hybrid DSA,0.8175,0.3573280446404934,0.03465104486846256,0.0631757684988185,1708752,3073274,47604393
Thebe,Hybrid DSA,0.8075,0.3491600671366629,0.03811028479323312,0.06871989828651479,1879338,3503116,47433807
Thebe,Hybrid DSA,0.7975,0.3411218175150462,0.04153594340819269,0.07405477141464303,2048268,3956238,47264877
Thebe,Hybrid DSA,0.7875,0.3330906648179738,0.044906626823334836,0.07914330877011291,2214487,4433814,47098658
Thebe,Hybrid DSA,0.7775,0.3254559123129495,0.04824918386365339,0.08403943276855798,2379319,4931407,46933826
Thebe,Hybrid DSA,0.7675,0.31802447413521784,0.05153386586882666,0.08869522789234893,2541297,5449588,46771848
Thebe,Hybrid DSA,0.7575,0.3108573119674435,0.054784946285620195,0.09315280580529549,2701618,5989244,46611527
Thebe,Hybrid DSA,0.7475,0.3040072262589498,0.05801183436992307,0.09743142709866123,2860746,6549379,46452399
Thebe,Hybrid DSA,0.7375,0.297443959738718,0.06122093814945285,0.10154212675571103,3018997,7130804,46294148
Thebe,Hybrid DSA,0.7275,0.2911569157524197,0.0644528755973686,0.10554209094791513,3178374,7737987,46134771
Thebe,Hybrid DSA,0.7175,0.2849882663118079,0.06767069916145077,0.10937113257988124,3337055,8372392,45976090
Thebe,Hybrid DSA,0.7075,0.2789794432848229,0.07089657331731732,0.11306111660324548,3496133,9035733,45817012
Thebe,Hybrid DSA,0.6975,0.2731555388974781,0.07416014533244634,0.11665038685433676,3657070,9731163,45656075
Thebe,Hybrid DSA,0.6875,0.26747116624309225,0.0774497955869576,0.12011787883822309,3819293,10459977,45493852
Thebe,Hybrid DSA,0.6775,0.26186597549159457,0.08078371395699868,0.12347599726838307,3983699,11229041,45329446
Thebe,Hybrid DSA,0.6675,0.25642481175045817,0.08417412841951168,0.12674340691407257,4150891,12036665,45162254
Thebe,Hybrid DSA,0.6575,0.2510906010577931,0.08761751050353815,0.1299049690549692,4320695,12887018,44992450
Thebe,Hybrid DSA,0.6475,0.2458096954866472,0.09110396426753962,0.13293754685143488,4492623,13784211,44820522
Thebe,Hybrid DSA,0.6375,0.2406066923779258,0.09465092928062081,0.1358575945987093,4667535,14731489,44645610
Thebe,Hybrid DSA,0.6275,0.23546231613595786,0.09825295060779433,0.1386503383141146,4845162,15732067,44467983
Thebe,Hybrid DSA,0.6175,0.23045091426244277,0.10194395429453952,0.14135643894080094,5027177,16787347,44285968
Thebe,Hybrid DSA,0.6075,0.2255348361607939,0.1057076972073065,0.14394750534099504,5212779,17900187,44100366
Thebe,Hybrid DSA,0.5975,0.22068221325394352,0.10952258267040157,0.14639209510772738,5400903,19072764,43912242
Thebe,Hybrid DSA,0.5875,0.21593841329061528,0.11344026019837104,0.1487413227519108,5594096,20311883,43719049
Thebe,Hybrid DSA,0.5775,0.2113056195211963,0.1174460886645944,0.15097727499312877,5791636,21617176,43521509
Thebe,Hybrid DSA,0.5675,0.20675531565160116,0.12154071698327089,0.15308859569647348,5993555,22995083,43319590
Thebe,Hybrid DSA,0.5575,0.2023141442064544,0.12573475084584446,0.15508614049947264,6200376,24446893,43112769
Thebe,Hybrid DSA,0.5475,0.19796149897365464,0.13002435760282577,0.15695687004808292,6411910,25977772,42901235
Thebe,Hybrid DSA,0.5375,0.1936965398715883,0.13441882483869158,0.15870309083422174,6628615,27593034,42684530
Thebe,Hybrid DSA,0.5275,0.18953252898502448,0.13892095099592613,0.16032735699916836,6850629,29294243,42462516
Thebe,Hybrid DSA,0.5175,0.1854503362604476,0.14352889072477532,0.16181861263352185,7077861,31087942,42235284
Thebe,Hybrid DSA,0.5075,0.1814557026100369,0.1482571229233098,0.1631850405787199,7311025,32979938,42002120
Thebe,Hybrid DSA,0.4975,0.17758479351657783,0.15315137576400775,0.1644655648095011,7552376,34975905,41760769
Thebe,Hybrid DSA,0.4875,0.1737801092942929,0.15815997945375418,0.165602525558873,7799366,37081294,41513779
Thebe,Hybrid DSA,0.4775,0.17006607618259761,0.16331941513768794,0.16662448018902906,8053794,39303058,41259351
Thebe,Hybrid DSA,0.4675,0.1664342057009248,0.1686282633159982,0.16752405093933126,8315590,41647637,40997555
Thebe,Hybrid DSA,0.4575,0.1628807038264294,0.17411187219959304,0.1683091338262427,8586004,44127447,40727141
Thebe,Hybrid DSA,0.4475,0.15940334821925076,0.17976444211781667,0.1689727313779889,8864750,46747319,40448395
Thebe,Hybrid DSA,0.4375,0.15600540024514217,0.1856155797810097,0.16952725100931337,9153288,49519604,40159857
Thebe,Hybrid DSA,0.4275,0.1526744061263224,0.19168065634426681,0.16996834699222163,9452376,52459612,39860769
Thebe,Hybrid DSA,0.4175,0.14940347601064413,0.197973684298578,0.17029304152588642,9762705,55581859,39550440
Thebe,Hybrid DSA,0.4075,0.14620604746610064,0.20453844507382363,0.1705216090068864,10086434,58901369,39226711
Thebe,Hybrid DSA,0.3975,0.1430581798462136,0.21136613777117644,0.17062968564877554,10423129,62436242,38890016
Thebe,Hybrid DSA,0.3875,0.13998297291103018,0.21854540001453973,0.17065670178586712,10777161,66211924,38535984
Thebe,Hybrid DSA,0.3775,0.13692921143948503,0.22604849072189576,0.17054844634987146,11147162,70261048,38165983
Thebe,Hybrid DSA,0.3675,0.13392353760587627,0.23396256718163078,0.1703412782193263,11537430,74611952,37775715
Thebe,Hybrid DSA,0.3575,0.13094018047845138,0.24231074696209295,0.17001009565683584,11949105,79307108,37364040
Thebe,Hybrid DSA,0.3475,0.12798490689687725,0.25117692250210366,0.16956799207363615,12386324,84393244,36926821
Thebe,Hybrid DSA,0.3375,0.12505133033897356,0.26063677342014996,0.1690120848103881,12852819,89927527,36460326
Thebe,Hybrid DSA,0.3275,0.1221257562865213,0.2707262941757213,0.16832114473606338,13350365,95966174,35962780
Thebe,Hybrid DSA,0.3175,0.11920485123938714,0.2815290933076769,0.16749084595382843,13883085,102581009,35430060
Thebe,Hybrid DSA,0.3075,0.11630291383721895,0.29312356776271314,0.166531118905381,14454845,109831336,34858300
Thebe,Hybrid DSA,0.2975,0.11343530155658815,0.30556509831202205,0.16545029113605603,15068376,117768367,34244769
Thebe,Hybrid DSA,0.2875,0.11062130287051986,0.3188828252588635,0.1642602772960614,15725115,126427568,33588030
Thebe,Hybrid DSA,0.2775,0.10788176925741638,0.33306677154742415,0.1629751740636552,16424570,135821450,32888575
Thebe,Hybrid DSA,0.2675,0.10524786946523723,0.3481054797863734,0.16162827585665993,17166176,145936185,32146969
Thebe,Hybrid DSA,0.2575,0.10273115518972363,0.3638764065848974,0.1602264800535226,17943890,156724544,31369255
Thebe,Hybrid DSA,0.2475,0.10036255414475699,0.3802920296403728,0.15881292180774678,18753396,168103108,30559749
Thebe,Hybrid DSA,0.2375,0.09816188984504409,0.3972293391549048,0.1574221760528887,19588628,179965680,29724517
Thebe,Hybrid DSA,0.2275,0.09613416084674974,0.41454346503351186,0.15607414981930162,20442442,192202489,28870703
Thebe,Hybrid DSA,0.2175,0.09426209816559468,0.4320087879205433,0.15475701146310647,21303712,204701357,28009433
Thebe,Hybrid DSA,0.2075,0.09254734487276167,0.44956479656691944,0.15349602080499056,22169454,217377710,27143691
Thebe,Hybrid DSA,0.1975,0.09097157174789257,0.46712978861924137,0.152286068799397,23035639,230182356,26277506
Thebe,Hybrid DSA,0.1875,0.0895047499834895,0.48463447220817085,0.15110302725108893,23898850,243113236,25414295
Thebe,Hybrid DSA,0.1775,0.0881263207701453,0.5021266033630587,0.14993765657384625,24761442,256215249,24551703
Thebe,Hybrid DSA,0.1675,0.08680969383261826,0.519668437289895,0.1487679625054706,25626485,269576549,23686660
Thebe,Hybrid DSA,0.1575,0.08553921169292833,0.5374335382584096,0.14758796818498582,26502538,283326574,22810607
Thebe,Hybrid DSA,0.1475,0.0842883516974362,0.5555070154215473,0.1463679579209482,27393798,297607195,21919347
Thebe,Hybrid DSA,0.1375,0.08304078553515937,0.5740912894523357,0.1450940943521033,28310247,312609541,21002898
Thebe,Hybrid DSA,0.1275,0.0817818661369584,0.5933489336362546,0.1437504645898174,29259902,328519926,20053243
Thebe,Hybrid DSA,0.1175,0.08048572870817096,0.6133869579804736,0.14229958100454682,30248040,345570636,19065105
Thebe,Hybrid DSA,0.1075,0.07913342169572796,0.6344060392011096,0.14071463003130574,31284557,364054812,18028588
Thebe,Hybrid DSA,0.0975,0.07770589649315318,0.6566154521274196,0.1389661146435823,32379773,384316700,16933372
Thebe,Hybrid DSA,0.0875,0.07616428252368666,0.6801969738494675,0.1369893395556699,33542652,406856061,15770493
Thebe,Hybrid DSA,0.0775,0.07446502095580135,0.705431300315565,0.13471010217164198,34787036,432372384,14526109
Thebe,Hybrid DSA,0.0675,0.07254884166783947,0.7326638972225357,0.13202453092977343,36129961,461878831,13183184
Thebe,Hybrid DSA,0.0575,0.07032564499979692,0.7623206753493414,0.128771825156553,37592430,496955529,11720715
Thebe,Hybrid DSA,0.0475,0.06766374185336009,0.7949040159576113,0.12471177979212641,39199217,540124597,10113928
Thebe,Hybrid DSA,0.0375,0.0643511919182371,0.8309512200043213,0.11945170865420746,40976818,595791776,8336327
Thebe,Hybrid DSA,0.0275,0.05999853584969343,0.870887103225722,0.1122628793281684,42946182,672840985,6366963
Thebe,Hybrid DSA,0.0175,0.05266647255574059,0.9147278681982258,0.09959845357144846,45108108,811378112,4205037
Thebe,Hybrid DSA,0.0075,0.028942187175577835,0.9623465508030364,0.05619435172421798,47456335,1592237815,1856810
CRACKS reserve,Hybrid DSA,0.9975,0.0,0.0,0.0,0,0,233174
CRACKS reserve,Hybrid DSA,0.9875,0.0,0.0,0.0,0,0,233174
CRACKS reserve,Hybrid DSA,0.9775,0.375,2.5731856896566512e-05,5.146018268364853e-05,6,10,233168
CRACKS reserve,Hybrid DSA,0.9675,0.3225806451612903,8.577285632188838e-05,0.00017150011147507247,20,42,233154
CRACKS reserve,Hybrid DSA,0.9575,0.30405405405405406,0.00019298892672424886,0.0003857330213181783,45,103,233129
CRACKS reserve,Hybrid DSA,0.9475,0.29,0.0003731119250002144,0.0007452649973872893,87,213,233087
CRACKS reserve,Hybrid DSA,0.9375,0.301498127340824,0.0006904714933912014,0.0013777876666609616,161,373,233013
CRACKS reserve,Hybrid DSA,0.9275,0.29334916864608074,0.0010592947755753215,0.002110966771502803,247,595,232927
CRACKS reserve,Hybrid DSA,0.9175,0.26571668063704945,0.0013594997727019308,0.0027051590027606276,317,876,232857
CRACKS reserve,Hybrid DSA,0.9075,0.2536144578313253,0.0018055186255757504,0.0035855114676750384,421,1239,232753
CRACKS reserve,Hybrid DSA,0.8975,0.2463436928702011,0.002311578477874892,0.004580178618468572,539,1649,232635
CRACKS reserve,Hybrid DSA,0.8875,0.23851280252542967,0.002916277114944205,0.0057621014723016626,680,2171,232494
CRACKS reserve,Hybrid DSA,0.8775,0.23308906426155582,0.0035467076089100843,0.006987098790986896,827,2721,232347
CRACKS reserve,Hybrid DSA,0.8675,0.23132151671527934,0.0044215907433933456,0.008677319036657674,1031,3426,232143
CRACKS reserve,Hybrid DSA,0.8575,0.22717977319204313,0.005240721521267379,0.010245102765423198,1222,4157,231952
CRACKS reserve,Hybrid DSA,0.8475,0.22437587222825245,0.006205666154888624,0.012077304766236963,1447,5002,231727
CRACKS reserve,Hybrid DSA,0.8375,0.22339010111761576,0.007200631288222529,0.013951555943329594,1679,5837,231495
CRACKS reserve,Hybrid DSA,0.8275,0.22138018142151797,0.008268503349430039,0.015941591595936878,1928,6781,231246
CRACKS reserve,Hybrid DSA,0.8175,0.219061023424148,0.009344952696269738,0.01792523064646822,2179,7768,230995
CRACKS reserve,Hybrid DSA,0.8075,0.2188365650969529,0.010502886256615232,0.020043786958034087,2449,8742,230725
CRACKS reserve,Hybrid DSA,0.7975,0.2189922480620155,0.011630799317248064,0.02208846789760464,2712,9672,230462
CRACKS reserve,Hybrid DSA,0.7875,0.21782538988485645,0.012818753377306218,0.024212623938824444,2989,10733,230185
CRACKS reserve,Hybrid DSA,0.7775,0.218568665377176,0.01405388250834141,0.026409635447098123,3277,11716,229897
CRACKS reserve,Hybrid DSA,0.7675,0.22293735441951698,0.015597793922135401,0.029155710895914833,3637,12677,229537
CRACKS reserve,Hybrid DSA,0.7575,0.22492332159491082,0.016983025551733897,0.03158146582662094,3960,13646,229214
CRACKS reserve,Hybrid DSA,0.7475,0.22537518495032763,0.018291061610642697,0.03383604788613952,4265,14659,228909
CRACKS reserve,Hybrid DSA,0.7375,0.22640201950205416,0.01961625224081587,0.03610430307407539,4574,15629,228600
CRACKS reserve,Hybrid DSA,0.7275,0.2282059600500533,0.02111727722644892,0.038657355613913195,4924,16653,228250
CRACKS reserve,Hybrid DSA,0.7175,0.22972501091226538,0.022571127141104926,0.041103700348323204,5263,17647,227911
CRACKS reserve,Hybrid DSA,0.7075,0.23074709099132437,0.024067863483921877,0.043589195906716637,5612,18709,227562
CRACKS reserve,Hybrid DSA,0.6975,0.232413525068014,0.025646084040244623,0.04619472854803325,5980,19750,227194
CRACKS reserve,Hybrid DSA,0.6875,0.2345148979891384,0.02740871623765943,0.049081120932625774,6391,20861,226783
CRACKS reserve,Hybrid DSA,0.6775,0.23675341371043396,0.02922281214886737,0.05202420263022275,6814,21967,226360
CRACKS reserve,Hybrid DSA,0.6675,0.23779501567915498,0.030895382847144194,0.0546857505057521,7204,23091,225970
CRACKS reserve,Hybrid DSA,0.6575,0.24047058823529413,0.032872447185363717,0.05783836196325962,7665,24210,225509
CRACKS reserve,Hybrid DSA,0.6475,0.24158911954187545,0.03473800681036479,0.06074195169140089,8100,25428,225074
CRACKS reserve,Hybrid DSA,0.6375,0.242949063182063,0.036757957576745263,0.06385475297351864,8571,26708,224603
CRACKS reserve,Hybrid DSA,0.6275,0.24436577852240177,0.038782196985941826,0.0669405581464209,9043,27963,224131
CRACKS reserve,Hybrid DSA,0.6175,0.24558240173097728,0.04088792060864419,0.07010397211723701,9534,29288,223640
CRACKS reserve,Hybrid DSA,0.6075,0.246674399664355,0.042864984946863714,0.07303803897067151,9995,30524,223179
CRACKS reserve,Hybrid DSA,0.5975,0.24808045598002731,0.04517227478192251,0.07642799094444767,10533,31925,222641
CRACKS reserve,Hybrid DSA,0.5875,0.2492955523996303,0.04742810090318818,0.07969445295187995,11059,33302,222115
CRACKS reserve,Hybrid DSA,0.5775,0.2499622641509434,0.0497139475241665,0.08293358230578539,11592,34783,221582
CRACKS reserve,Hybrid DSA,0.5675,0.2507916796026079,0.05196548500261607,0.0860921741169282,12117,36198,221057
CRACKS reserve,Hybrid DSA,0.5575,0.2512817467387216,0.05444003190750255,0.08949173572654755,12694,37823,220480
CRACKS reserve,Hybrid DSA,0.5475,0.25192606930054273,0.0569360220264695,0.0928807298371299,13276,39422,219898
CRACKS reserve,Hybrid DSA,0.5375,0.252283996585357,0.05956924871555148,0.09638102771735171,13890,41167,219284
CRACKS reserve,Hybrid DSA,0.5275,0.25270531653510375,0.06219389811900126,0.09982069169640799,14502,42885,218672
CRACKS reserve,Hybrid DSA,0.5175,0.25334935015099186,0.06512304116239374,0.10361262456884934,15185,44752,217989
CRACKS reserve,Hybrid DSA,0.5075,0.25387056447735357,0.06793210220693559,0.10718345693715152,15840,46554,217334
CRACKS reserve,Hybrid DSA,0.4975,0.254601604031589,0.07106710010550062,0.11111781667001945,16571,48515,216603
CRACKS reserve,Hybrid DSA,0.4875,0.25608300296228614,0.07451945757245662,0.1154447939885791,17376,50477,215798
CRACKS reserve,Hybrid DSA,0.4775,0.25654265101145846,0.07777453746987228,0.11936260958850012,18135,52555,215039
CRACKS reserve,Hybrid DSA,0.4675,0.25772761842677094,0.08138557472102378,0.12370683754554995,18977,54655,214197
CRACKS reserve,Hybrid DSA,0.4575,0.25823680739647675,0.08480791168826714,0.12768320360547666,19775,56802,213399
CRACKS reserve,Hybrid DSA,0.4475,0.25881807705796883,0.08861622650895898,0.13202773074342672,20663,59173,212511
CRACKS reserve,Hybrid DSA,0.4375,0.25954996754573645,0.09260466432792679,0.13650558842866536,21593,61601,211581
CRACKS reserve,Hybrid DSA,0.4275,0.26033863875070695,0.09673462735982571,0.14105654831699577,22556,64085,210618
CRACKS reserve,Hybrid DSA,0.4175,0.261268245143857,0.10117766131729952,0.14586733936785873,23592,66706,209582
CRACKS reserve,Hybrid DSA,0.4075,0.26238738738738737,0.10592090027189996,0.15091872338085316,24698,69430,208476
CRACKS reserve,Hybrid DSA,0.3975,0.2625532174940417,0.11055263451328193,0.15559096560798658,25778,72404,207396
CRACKS reserve,Hybrid DSA,0.3875,0.2623934291901594,0.11536020311012377,0.1602619098686876,26899,75615,206275
CRACKS reserve,Hybrid DSA,0.3775,0.2627520980916245,0.12057519277449458,0.1652967875452707,28115,78887,205059
CRACKS reserve,Hybrid DSA,0.3675,0.26330524696327307,0.1262447785773714,0.1706631262827128,29437,82361,203737
CRACKS reserve,Hybrid DSA,0.3575,0.26334136463833496,0.13218454887766218,0.17601708659798523,30822,86220,202352
CRACKS reserve,Hybrid DSA,0.3475,0.2630488849023525,0.13834732860438986,0.18132762240415504,32259,90376,200915
CRACKS reserve,Hybrid DSA,0.3375,0.2633067806489217,0.145303507252095,0.18726595900499932,33881,94794,199293
CRACKS reserve,Hybrid DSA,0.3275,0.2636405284781131,0.15301448703543277,0.19364135183687647,35679,99653,197495
CRACKS reserve,Hybrid DSA,0.3175,0.26382584009107135,0.16101280588744885,0.1999786939384255,37544,104762,195630
CRACKS reserve,Hybrid DSA,0.3075,0.2638001665278934,0.16984312144578725,0.20664285583839248,39603,110522,193571
CRACKS reserve,Hybrid DSA,0.2975,0.26373612520564005,0.17944539271102267,0.21357493779110573,41842,116809,191332
CRACKS reserve,Hybrid DSA,0.2875,0.26317672951098336,0.18923636426016624,0.2201643061892989,44125,123538,189049
CRACKS reserve,Hybrid DSA,0.2775,0.2628526099040203,0.20036968101074734,0.22739706025503748,46721,131025,186453
CRACKS reserve,Hybrid DSA,0.2675,0.2621376744284797,0.21180320275845507,0.23429757457154718,49387,139014,183787
CRACKS reserve,Hybrid DSA,0.2575,0.2614190720643641,0.22407300985530118,0.2413096340497463,52248,147615,180926
CRACKS reserve,Hybrid DSA,0.2475,0.2608190997452109,0.23706759758806728,0.24837682032018762,55278,156662,177896
CRACKS reserve,Hybrid DSA,0.2375,0.26019062529187553,0.2508898933843396,0.25545563117204095,58501,166338,174673
CRACKS reserve,Hybrid DSA,0.2275,0.25967343894682593,0.2657929271702677,0.2626975498205971,61976,176693,171198
CRACKS reserve,Hybrid DSA,0.2175,0.25899397366149557,0.28052441524355204,0.2693295891561602,65411,187147,167763
CRACKS reserve,Hybrid DSA,0.2075,0.25846472827164974,0.29617796152229664,0.2760391789292345,69061,198136,164113
CRACKS reserve,Hybrid DSA,0.1975,0.2572935833484009,0.31123967509242023,0.2817072531669892,72573,209490,160601
CRACKS reserve,Hybrid DSA,0.1875,0.2563513186547302,0.32715482858294664,0.2874573716439001,76284,221292,156890
CRACKS reserve,Hybrid DSA,0.1775,0.25496511175092407,0.3425639222211739,0.2923434469128573,79877,233409,153297
CRACKS reserve,Hybrid DSA,0.1675,0.2537980095700744,0.35894653777865454,0.29735039577086503,83697,246081,149477
CRACKS reserve,Hybrid DSA,0.1575,0.25236916640494667,0.37563364697607793,0.3019042218955358,87588,259475,145586
CRACKS reserve,Hybrid DSA,0.1475,0.2508461477325981,0.39254376559993825,0.3060914987217066,91531,273358,141643
CRACKS reserve,Hybrid DSA,0.1375,0.2490111573758019,0.40984843936287924,0.3097984297097362,95566,288216,137608
CRACKS reserve,Hybrid DSA,0.1275,0.24732015982492536,0.4284482832562807,0.3136100804249148,99903,304039,133271
CRACKS reserve,Hybrid DSA,0.1175,0.24538654773010862,0.4478372374278436,0.31704980697501073,104424,321125,128750
CRACKS reserve,Hybrid DSA,0.1075,0.24308351864094396,0.4683455273744071,0.3200518150659338,109206,340047,123968
CRACKS reserve,Hybrid DSA,0.0975,0.24044745759859654,0.49022618302212084,0.3226437435345223,114308,361089,118866
CRACKS reserve,Hybrid DSA,0.0875,0.23742140545767634,0.5138394503675366,0.3247779610501734,119814,384833,113360
CRACKS reserve,Hybrid DSA,0.0775,0.2338816070638864,0.5398071826189884,0.32636112364328423,125869,412305,107305
CRACKS reserve,Hybrid DSA,0.0675,0.22968144017931222,0.5686697487713038,0.32720659452109896,132599,444718,100575
CRACKS reserve,Hybrid DSA,0.0575,0.22434057312477862,0.6002770463259197,0.3266156177844256,139969,483944,93205
CRACKS reserve,Hybrid DSA,0.0475,0.21790339678634424,0.6373609407566881,0.3247723724078099,148616,533411,84558
CRACKS reserve,Hybrid DSA,0.0375,0.20958542887921064,0.6800286481340115,0.3204178071188465,158565,598000,74609
CRACKS reserve,Hybrid DSA,0.0275,0.19824527915378598,0.730467376294098,0.3118547121688995,170326,688842,62848
CRACKS reserve,Hybrid DSA,0.0175,0.1808678891161587,0.7959935498812046,0.2947596606226154,185605,840586,47569
CRACKS reserve,Hybrid DSA,0.0075,0.1380138335901654,0.8876504241467745,0.23888526289243717,206977,1292706,26197
Thebe,SwinUNETR,0.9975,0.8142139822325222,4.274722287536112e-05,8.548995742413567e-05,2108,481,49311037
Thebe,SwinUNETR,0.9875,0.6236157170133655,0.0012584068608887144,0.0025117452199239242,62056,37454,49251089
Thebe,SwinUNETR,0.9775,0.5760660485422205,0.0037835347958439887,0.007517694250348751,186578,137305,49126567
Thebe,SwinUNETR,0.9675,0.5467542825118321,0.007201284769000233,0.014215339711685012,355118,294384,48958027
Thebe,SwinUNETR,0.9575,0.5252790924322313,0.011246636165671444,0.02202176903410667,554607,501226,48758538
Thebe,SwinUNETR,0.9475,0.5077765283353315,0.015777436219085197,0.03060395807021538,778035,754204,48535110
Thebe,SwinUNETR,0.9375,0.49267925570943666,0.020683146451113594,0.03969966306989901,1019951,1050262,48293194
Thebe,SwinUNETR,0.9275,0.47930555022894406,0.02585034882686959,0.049055017238169074,1274762,1384840,48038383
Thebe,SwinUNETR,0.9175,0.4673390211788027,0.031208636155734947,0.05851000705258419,1538996,1754108,47774149
Thebe,SwinUNETR,0.9075,0.45652731851107836,0.036720452528428274,0.0679735042369771,1810801,2155667,47502344
Thebe,SwinUNETR,0.8975,0.44653281089843777,0.042351121592427335,0.07736464265870083,2088467,2588607,47224678
Thebe,SwinUNETR,0.8875,0.43733777143833036,0.04808665113531088,0.08664627433432832,2371304,3050830,46941841
Thebe,SwinUNETR,0.8775,0.4289055529053664,0.053913920923112896,0.09578727170826042,2658665,3540054,46654480
Thebe,SwinUNETR,0.8675,0.420942534534195,0.05979805181762388,0.10471986017796513,2948830,4056473,46364315
Thebe,SwinUNETR,0.8575,0.4135195111779403,0.0657504403744681,0.11346044071953974,3242361,4598529,46070784
Thebe,SwinUNETR,0.8475,0.40649216591471027,0.07175841248819154,0.12198305169785942,3538633,5166659,45774512
Thebe,SwinUNETR,0.8375,0.39979851784559944,0.07782127868745747,0.1302828404598655,3837612,5761253,45475533
Thebe,SwinUNETR,0.8275,0.3933571527091189,0.08391515081830615,0.1383219790927946,4138120,6381887,45175025
Thebe,SwinUNETR,0.8175,0.3872705309502563,0.09006750634136192,0.14614586845035107,4441512,7027246,44871633
Thebe,SwinUNETR,0.8075,0.38134880674443555,0.09622314699255138,0.15367142898434394,4745066,7697784,44568079
Thebe,SwinUNETR,0.7975,0.3756907946869207,0.1024401708712758,0.16098446649471057,5051647,8394642,44261498
Thebe,SwinUNETR,0.7875,0.3701739929377334,0.1086874503745401,0.1680371976038525,5359720,9119201,43953425
Thebe,SwinUNETR,0.7775,0.3647845233803911,0.11495977391018156,0.17482457455181996,5669028,9871730,43644117
Thebe,SwinUNETR,0.7675,0.35956436947967335,0.1212726343047072,0.18137255637864666,5980335,10651833,43332810
Thebe,SwinUNETR,0.7575,0.3545540650630456,0.12763473106410067,0.18769997604868777,6294070,11458004,43019075
Thebe,SwinUNETR,0.7475,0.34965467586092197,0.13403961560350694,0.19379008259316394,6609915,12294208,42703230
Thebe,SwinUNETR,0.7375,0.34484695750651806,0.14047806117415548,0.19963294752045777,6927415,13160960,42385730
Thebe,SwinUNETR,0.7275,0.34019278221364413,0.14697426010853698,0.2052666872610339,7247763,14057107,42065382
Thebe,SwinUNETR,0.7175,0.33558498617322535,0.1534968617394003,0.2106446699843688,7569413,14986462,41743732
Thebe,SwinUNETR,0.7075,0.33109989231279097,0.16006959199215545,0.21580748138762706,7893535,15946808,41419610
Thebe,SwinUNETR,0.6975,0.3266714484117917,0.1667047599580193,0.22075521465683393,8220736,16944414,41092409
Thebe,SwinUNETR,0.6875,0.32229583744678714,0.1733643838777673,0.22545532960469314,8549143,17976620,40764002
Thebe,SwinUNETR,0.6775,0.3180285071331221,0.1800820856183478,0.22995390053548795,8880414,19042913,40432731
Thebe,SwinUNETR,0.6675,0.3137781378707776,0.1868345651042942,0.23421140366564464,9213400,20149385,40099745
Thebe,SwinUNETR,0.6575,0.3096130083009011,0.19363692986930767,0.2382613799932942,9548846,21292384,39764299
Thebe,SwinUNETR,0.6475,0.3054695581887145,0.20047257176560124,0.24207617551723992,9885933,22477138,39427212
Thebe,SwinUNETR,0.6375,0.30140829628201826,0.20738022285944244,0.24570570012123624,10226571,23702724,39086574
Thebe,SwinUNETR,0.6275,0.29738215037071336,0.2143347580041792,0.24911950412931344,10569521,24972360,38743624
Thebe,SwinUNETR,0.6175,0.29339311522751815,0.22136931238111054,0.2523425514056649,10916417,26291058,38396728
Thebe,SwinUNETR,0.6075,0.2894393602169319,0.2284520080801985,0.25535472149854094,11265687,27656756,38047458
Thebe,SwinUNETR,0.5975,0.28550395036441034,0.23558394014415426,0.2581527868088631,11617385,29073418,37695760
Thebe,SwinUNETR,0.5875,0.28160471180352686,0.24277693097854539,0.2607533220195914,11972094,30541733,37341051
Thebe,SwinUNETR,0.5775,0.2777387356839587,0.25004762928829627,0.26316675468853157,12330635,32065891,36982510
Thebe,SwinUNETR,0.5675,0.27389137562979143,0.2573756348332681,0.26537678903356726,12692002,33647544,36621143
Thebe,SwinUNETR,0.5575,0.27004856744437195,0.26475999452073073,0.26737813237017133,13056148,35291259,36256997
Thebe,SwinUNETR,0.5475,0.26622848491172885,0.2722321401322102,0.26919684315175935,13424623,37000571,35888522
Thebe,SwinUNETR,0.5375,0.2624243580038399,0.2797718539346862,0.2708205905528469,13796430,38776548,35516715
Thebe,SwinUNETR,0.5275,0.2586487203026589,0.2873964132687136,0.2722658254468657,14172421,40621668,35140724
Thebe,SwinUNETR,0.5175,0.25487978987358806,0.2950998967922245,0.2735191917436145,14552304,42542470,34760841
Thebe,SwinUNETR,0.5075,0.2510968433252256,0.30286881925701553,0.2745636041865129,14935414,44545278,34377731
Thebe,SwinUNETR,0.4975,0.24734502164077324,0.31074617122878695,0.27544429809820054,15323871,46629553,33989274
Thebe,SwinUNETR,0.4875,0.24359462693709905,0.3187031165828097,0.2761325923227063,15716253,48801808,33596892
Thebe,SwinUNETR,0.4775,0.23986750954057925,0.32676798447959465,0.27665412231279823,16113957,51064616,33199188
Thebe,SwinUNETR,0.4675,0.23613371085342136,0.3349160147867267,0.27698099778324803,16515762,53426653,32797383
Thebe,SwinUNETR,0.4575,0.2324089329168241,0.34317598279322886,0.2771343090715527,16923087,55892905,32390058
Thebe,SwinUNETR,0.4475,0.22867564288459297,0.3515243045236721,0.27709429028936533,17334769,58470283,31978376
Thebe,SwinUNETR,0.4375,0.22496000457398324,0.36000382859377555,0.2768939149230497,17752921,61162978,31560224
Thebe,SwinUNETR,0.4275,0.22122654523261998,0.3685765124086083,0.276495373964791,18175667,63982950,31137478
Thebe,SwinUNETR,0.4175,0.21750411332716835,0.3772980003607557,0.2759367027792252,18605751,66936314,30707394
Thebe,SwinUNETR,0.4075,0.2137636259845379,0.3861127291719074,0.27517956431220736,19040433,70031938,30272712
Thebe,SwinUNETR,0.3975,0.21003511930840127,0.39509937968872194,0.2742687633546755,19483593,73279908,29829552
Thebe,SwinUNETR,0.3875,0.2062850354297334,0.40417614816495684,0.2731557494060675,19931197,76688497,29381948
Thebe,SwinUNETR,0.3775,0.20253984257342939,0.41342165461156455,0.27188178879409647,20387122,80270219,28926023
Thebe,SwinUNETR,0.3675,0.19876921515683293,0.4227740493939294,0.27040584551244623,20848318,84038739,28464827
Thebe,SwinUNETR,0.3575,0.19499972159773937,0.4322866651478019,0.26876329898238693,21317415,88002818,27995730
Thebe,SwinUNETR,0.3475,0.1912323832901513,0.44199886257508014,0.2669624926239275,21796354,92182009,27516791
Thebe,SwinUNETR,0.3375,0.18744572383939534,0.451853942797605,0.26497147987869696,22282339,96591213,27030806
Thebe,SwinUNETR,0.3275,0.1836578349950136,0.46191961595635406,0.2628194540662879,22778709,101249264,26534436
Thebe,SwinUNETR,0.3175,0.1798452043553361,0.4721522628499967,0.2604743866968123,23283313,106179761,26029832
Thebe,SwinUNETR,0.3075,0.17602111073001822,0.4825656729052669,0.257951564943651,23796831,111396220,25516314
Thebe,SwinUNETR,0.2975,0.1721828390048626,0.49319533361743606,0.2552526554681713,24321013,116930073,24992132
Thebe,SwinUNETR,0.2875,0.16832633768805313,0.5040453615359556,0.25237263803315213,24856062,122809849,24457083
Thebe,SwinUNETR,0.2775,0.1644565740515231,0.5151321823014938,0.24931805623041114,25402788,129062232,23910357
Thebe,SwinUNETR,0.2675,0.16055783365316995,0.5264500165219639,0.24606901990390515,25960906,135731024,23352239
Thebe,SwinUNETR,0.2575,0.15664131670038123,0.5380252466152787,0.24264010245608644,26531717,142847075,22781428
Thebe,SwinUNETR,0.2475,0.15269925957768743,0.5498679307515268,0.23902176773136405,27115717,150460239,22197428
Thebe,SwinUNETR,0.2375,0.14873513198465618,0.5620156045614207,0.2352201997794487,27714757,158621562,21598388
Thebe,SwinUNETR,0.2275,0.14474171702242375,0.5744682883235291,0.2312246098047092,28328838,167391087,20984307
Thebe,SwinUNETR,0.2175,0.14071829795230673,0.5872318019870767,0.227032758662904,28958247,176830534,20354898
Thebe,SwinUNETR,0.2075,0.13665501054006013,0.6003632905587344,0.22263396085783635,29605802,187040495,19707343
Thebe,SwinUNETR,0.1975,0.13255621224696892,0.6138702368303623,0.2180316989194799,30271872,198098202,19041273
Thebe,SwinUNETR,0.1875,0.12841293313116892,0.6277720068350944,0.21321251052402931,30957412,210119645,18355733
Thebe,SwinUNETR,0.1775,0.1242155561285205,0.6421204934303014,0.20816286598779565,31664981,223254628,17648164
Thebe,SwinUNETR,0.1675,0.11995702595857008,0.6569131009591864,0.20286876576637428,32394451,237656017,16918694
Thebe,SwinUNETR,0.1575,0.11564546634303723,0.6722561905147197,0.19734285358433704,33151067,253510123,16162078
Thebe,SwinUNETR,0.1475,0.11126238191557478,0.6881664310803944,0.19155435739024576,33935651,271069962,15377494
Thebe,SwinUNETR,0.1375,0.10680532282207952,0.7047025493912424,0.18549661896930764,34751099,290617507,14562046
Thebe,SwinUNETR,0.1275,0.10226834470149777,0.7219283621030458,0.17915727635357007,35600558,312508704,13712587
Thebe,SwinUNETR,0.1175,0.09763497017640997,0.739849466100773,0.17250512947771143,36484304,337196396,12828841
Thebe,SwinUNETR,0.1075,0.09290097055686147,0.7586088455725142,0.16553067666808668,37409388,365270883,11903757
Thebe,SwinUNETR,0.0975,0.08805638805743216,0.7783346002369145,0.15821340370106268,38382127,397499106,10931018
Thebe,SwinUNETR,0.0875,0.08307011997798891,0.7990171383309663,0.15049406715809235,39402048,434920705,9911097
Thebe,SwinUNETR,0.0775,0.0779312735631856,0.8208958483584854,0.14234875064413882,40480956,478963346,8832189
Thebe,SwinUNETR,0.0675,0.07260381594926717,0.8440777200480724,0.13370676953053665,41624127,531680822,7689018
Thebe,SwinUNETR,0.0575,0.06702882497506395,0.8685875540892799,0.12445357828556208,42832784,596187578,6480361
Thebe,SwinUNETR,0.0475,0.06112523408927665,0.8943746135031542,0.11442986150470988,44104425,677437597,5208720
Thebe,SwinUNETR,0.0375,0.05477380167862609,0.9210647181395549,0.10339869800170533,45420598,783818867,3892547
Thebe,SwinUNETR,0.0275,0.04782256307173553,0.9479599404986236,0.09105175855456459,46746886,930760027,2566259
Thebe,SwinUNETR,0.0175,0.040256507727084875,0.9734912060465825,0.07731579706864418,48005913,1144494771,1307232
Thebe,SwinUNETR,0.0075,0.032545346644764314,0.9930481821834726,0.06302515843882023,48970329,1455709573,342816
CRACKS reserve,SwinUNETR,0.9975,1.0,1.7154571264377676e-05,3.4308553980221116e-05,4,0,233170
CRACKS reserve,SwinUNETR,0.9875,0.7883211678832117,0.0004631734241381972,0.0009258028982774065,108,29,233066
CRACKS reserve,SwinUNETR,0.9775,0.6954314720812182,0.0011750881316098707,0.002346211809836964,274,120,232900
CRACKS reserve,SwinUNETR,0.9675,0.6493506493506493,0.0019298892672424885,0.0038483411511671165,450,243,232724
CRACKS reserve,SwinUNETR,0.9575,0.6307550644567219,0.002937720329024677,0.005848202851532485,685,401,232489
CRACKS reserve,SwinUNETR,0.9475,0.6145287958115183,0.004027035604312659,0.008001636117289159,939,589,232235
CRACKS reserve,SwinUNETR,0.9375,0.5925742574257425,0.005133505450865019,0.010178831092629913,1197,823,231977
CRACKS reserve,SwinUNETR,0.9275,0.576451995258791,0.006257129868681757,0.012379881631700642,1459,1072,231715
CRACKS reserve,SwinUNETR,0.9175,0.568049254698639,0.007517990856613516,0.014839583509692712,1753,1333,231421
CRACKS reserve,SwinUNETR,0.9075,0.5504021447721179,0.008804583701441842,0.017331915037314693,2053,1677,231121
CRACKS reserve,SwinUNETR,0.8975,0.5390266299357208,0.010069733332189695,0.01977013429882541,2348,2008,230826
CRACKS reserve,SwinUNETR,0.8875,0.528779127663812,0.011386346676730682,0.02229265937572157,2655,2366,230519
CRACKS reserve,SwinUNETR,0.8775,0.52,0.012767289663513084,0.02492266606390148,2977,2748,230197
CRACKS reserve,SwinUNETR,0.8675,0.5103586889301175,0.014156809935927677,0.027549427896612445,3301,3167,229873
CRACKS reserve,SwinUNETR,0.8575,0.5072202166064982,0.015666412207192913,0.030394049322727726,3653,3549,229521
CRACKS reserve,SwinUNETR,0.8475,0.500563556668754,0.017141705335929392,0.03314825488578075,3997,3988,229177
CRACKS reserve,SwinUNETR,0.8375,0.49562847734756443,0.01871992589225214,0.03607721267372232,4365,4442,228809
CRACKS reserve,SwinUNETR,0.8275,0.4883068288119738,0.02014804395001158,0.038699314236289875,4698,4923,228476
CRACKS reserve,SwinUNETR,0.8175,0.4820743865030675,0.021567584722138832,0.041287981412608886,5029,5403,228145
CRACKS reserve,SwinUNETR,0.8075,0.4751371438683419,0.02303001192242703,0.043930692583321065,5370,5932,227804
CRACKS reserve,SwinUNETR,0.7975,0.47108522680666065,0.024629675692830248,0.046811892486703484,5743,6448,227431
CRACKS reserve,SwinUNETR,0.7875,0.4675978932905885,0.02627222589139441,0.04974926403410821,6126,6975,227048
CRACKS reserve,SwinUNETR,0.7775,0.4620724202089595,0.02769176666352166,0.052252091863984336,6457,7517,226717
CRACKS reserve,SwinUNETR,0.7675,0.4584082584082584,0.029518728503177886,0.05546579421328101,6883,8132,226291
CRACKS reserve,SwinUNETR,0.7575,0.45358057064369106,0.031156990058925953,0.05830868691084349,7265,8752,225909
CRACKS reserve,SwinUNETR,0.7475,0.4474098246022959,0.032928199541972944,0.061341801985339645,7678,9483,225496
CRACKS reserve,SwinUNETR,0.7375,0.4432379072063179,0.03466081123967509,0.06429389677337237,8082,10152,225092
CRACKS reserve,SwinUNETR,0.7275,0.4385729752023509,0.03648348443651522,0.06736323647607999,8507,10890,224667
CRACKS reserve,SwinUNETR,0.7175,0.43459833390169045,0.03825898256237831,0.07032688085581058,8921,11606,224253
CRACKS reserve,SwinUNETR,0.7075,0.4302971843277755,0.04017600590117251,0.073490360666026,9368,12403,223806
CRACKS reserve,SwinUNETR,0.6975,0.42696140289804624,0.04208016331151844,0.07660986512072769,9812,13169,223362
CRACKS reserve,SwinUNETR,0.6875,0.42333429122706184,0.044224484719565645,0.0800829408270008,10312,14047,222862
CRACKS reserve,SwinUNETR,0.6775,0.4209013209013209,0.04646315626956693,0.08368801996029569,10834,14906,222340
CRACKS reserve,SwinUNETR,0.6675,0.41796975606166525,0.048718982390832596,0.08726613482464193,11360,15819,221814
CRACKS reserve,SwinUNETR,0.6575,0.41460430648769575,0.0508675924416959,0.09061738393014035,11861,16747,221313
CRACKS reserve,SwinUNETR,0.6475,0.4121502478623948,0.05312770720577766,0.09412265272707242,12388,17669,220786
CRACKS reserve,SwinUNETR,0.6375,0.4080792731186881,0.05528060589945706,0.09737083633918893,12890,18697,220284
CRACKS reserve,SwinUNETR,0.6275,0.4050823927083962,0.05756216387761929,0.1008005767757634,13422,19712,219752
CRACKS reserve,SwinUNETR,0.6175,0.4022115907984072,0.06021254513796564,0.10474446156199059,14040,20867,219134
CRACKS reserve,SwinUNETR,0.6075,0.39895142131563854,0.06265707154313946,0.10830445338127097,14610,22011,218564
CRACKS reserve,SwinUNETR,0.5975,0.3955225816493294,0.0653889370169916,0.11222458165116682,15247,23302,217927
CRACKS reserve,SwinUNETR,0.5875,0.3929766300711259,0.0680050091348092,0.11594552600310758,15857,24494,217317
CRACKS reserve,SwinUNETR,0.5775,0.3895993582181115,0.07081407017935104,0.11984496799198711,16512,25870,216662
CRACKS reserve,SwinUNETR,0.5675,0.3870116394478029,0.07358024479573194,0.12365138051069166,17157,27175,216017
CRACKS reserve,SwinUNETR,0.5575,0.3838972660199187,0.07653940833883709,0.12763218588086375,17847,28642,215327
CRACKS reserve,SwinUNETR,0.5475,0.3809866244786423,0.0795243037388388,0.131582962266494,18543,30128,214631
CRACKS reserve,SwinUNETR,0.5375,0.3776218293017603,0.08261641520924289,0.13557222683575662,19264,31750,213910
CRACKS reserve,SwinUNETR,0.5275,0.3747935745383576,0.08565277432303774,0.1394390879069475,19972,33316,213202
CRACKS reserve,SwinUNETR,0.5175,0.37254586129753914,0.08927238885982142,0.14403094285052015,20816,35059,212358
CRACKS reserve,SwinUNETR,0.5075,0.3701687720379309,0.0927461895408579,0.1483285093073979,21626,36796,211548
CRACKS reserve,SwinUNETR,0.4975,0.3680673642903859,0.09654163843310146,0.152962280946136,22511,38649,210663
CRACKS reserve,SwinUNETR,0.4875,0.3652676826885502,0.10021700532649437,0.157281363894881,23368,40607,209806
CRACKS reserve,SwinUNETR,0.4775,0.3624744299941768,0.10411109300350811,0.161760737238753,24276,42697,208898
CRACKS reserve,SwinUNETR,0.4675,0.3604760681565202,0.10833111753454502,0.1665963172057194,25260,44814,207914
CRACKS reserve,SwinUNETR,0.4575,0.35806979280261725,0.1126540694931682,0.17138718706570885,26268,47092,206906
CRACKS reserve,SwinUNETR,0.4475,0.3553302138863183,0.11691698045236605,0.17594232922551686,27262,49461,205912
CRACKS reserve,SwinUNETR,0.4375,0.3524102768670764,0.12123993241098922,0.18041245337324063,28270,51949,204904
CRACKS reserve,SwinUNETR,0.4275,0.35004825047356947,0.1260089032224862,0.18531050641573454,29382,54555,203792
CRACKS reserve,SwinUNETR,0.4175,0.3475233783076608,0.1310094607460523,0.1902851661288916,30548,57354,202626
CRACKS reserve,SwinUNETR,0.4075,0.34442658906816653,0.13604003876933105,0.1950429179271502,31721,60377,201453
CRACKS reserve,SwinUNETR,0.3975,0.34202973631041805,0.14157238800209285,0.2002553922029549,33011,63504,200163
CRACKS reserve,SwinUNETR,0.3875,0.33924881607956736,0.14716048959146388,0.20527576789971316,34314,66833,198860
CRACKS reserve,SwinUNETR,0.3775,0.3366028188692426,0.1529158482506626,0.21029598676508318,35656,70273,197518
CRACKS reserve,SwinUNETR,0.3675,0.33347139062711023,0.15883846397968898,0.21518189397482562,37037,74028,196137
CRACKS reserve,SwinUNETR,0.3575,0.3307312711704121,0.16498408913515228,0.22014810067183227,38470,77848,194704
CRACKS reserve,SwinUNETR,0.3475,0.3278797421640506,0.17146422843027095,0.2251740296019284,39981,81957,193193
CRACKS reserve,SwinUNETR,0.3375,0.3246805018173291,0.17814164529492996,0.23005796033884507,41538,86397,191636
CRACKS reserve,SwinUNETR,0.3275,0.32173977805913456,0.1852693696552789,0.23513787134910355,43200,91070,189974
CRACKS reserve,SwinUNETR,0.3175,0.31835349305216015,0.19267585579867394,0.2400607004597953,44927,96196,188247
CRACKS reserve,SwinUNETR,0.3075,0.3151641030136691,0.20043401065298874,0.2450342757526903,46736,101555,186438
CRACKS reserve,SwinUNETR,0.2975,0.31166458313299356,0.20849237050443017,0.24984646378472553,48615,107370,184559
CRACKS reserve,SwinUNETR,0.2875,0.3080779198656722,0.21717687220702137,0.2547616891545172,50640,113734,182534
CRACKS reserve,SwinUNETR,0.2775,0.30436940836940835,0.2261487129782909,0.25949254965257956,52732,120518,180442
CRACKS reserve,SwinUNETR,0.2675,0.30064641629646627,0.23596541638433102,0.264407724486584,55021,127988,178153
CRACKS reserve,SwinUNETR,0.2575,0.2968961631116947,0.24630104557111857,0.2692423091708625,57431,136007,175743
CRACKS reserve,SwinUNETR,0.2475,0.2928571079425753,0.2569454570406649,0.27372845541455837,59913,144668,173261
CRACKS reserve,SwinUNETR,0.2375,0.28901536499958425,0.26830607186049904,0.2782759540966106,62562,153904,170612
CRACKS reserve,SwinUNETR,0.2275,0.2845602804450541,0.2802413648176898,0.2823843097260425,65345,164290,167829
CRACKS reserve,SwinUNETR,0.2175,0.28054930783443743,0.2936819714033297,0.28696546767715075,68479,175610,164695
CRACKS reserve,SwinUNETR,0.2075,0.27620720065005333,0.30759432869874,0.29105702604267064,71723,187948,161451
CRACKS reserve,SwinUNETR,0.1975,0.27173983786871847,0.32230866220075993,0.2948718954761251,75154,201412,158020
CRACKS reserve,SwinUNETR,0.1875,0.26718718244021405,0.33828385669071165,0.2985613008474737,78879,216341,154295
CRACKS reserve,SwinUNETR,0.1775,0.2622850083937791,0.3551253570295144,0.3017249546352235,82806,232904,150368
CRACKS reserve,SwinUNETR,0.1675,0.2571042627050909,0.37385386020739875,0.3046776564009989,87173,251884,146001
CRACKS reserve,SwinUNETR,0.1575,0.2518697430611148,0.3940019041574103,0.3072968407673139,91871,272885,141303
CRACKS reserve,SwinUNETR,0.1475,0.24594731187984284,0.4153207475962157,0.3089428560035092,96842,296909,136332
CRACKS reserve,SwinUNETR,0.1375,0.23982246314797317,0.43866383044421764,0.310106309603033,102285,324218,130889
CRACKS reserve,SwinUNETR,0.1275,0.23358401616343025,0.46408261641520926,0.31075667464053003,108212,355056,124962
CRACKS reserve,SwinUNETR,0.1175,0.22682112968429985,0.4906293154468337,0.31022378295561626,114402,389969,118772
CRACKS reserve,SwinUNETR,0.1075,0.21984203401119226,0.5209328655853569,0.3091976815519449,121468,431056,111706
CRACKS reserve,SwinUNETR,0.0975,0.21210137657681363,0.5530805321348006,0.30661765754799075,128964,479066,104210
CRACKS reserve,SwinUNETR,0.0875,0.20399410744410387,0.5891222863612581,0.3030512946658048,137368,536024,95806
CRACKS reserve,SwinUNETR,0.0775,0.1950410469641239,0.6276471647782342,0.2976023197977904,146351,604009,86823
CRACKS reserve,SwinUNETR,0.0675,0.18513558079448045,0.6692984638081433,0.2900421878194287,156063,686903,77111
CRACKS reserve,SwinUNETR,0.0575,0.17450220978335643,0.714753789015928,0.2805179066606634,166662,788409,66512
CRACKS reserve,SwinUNETR,0.0475,0.1627469211766529,0.7656728451714171,0.2684365471243076,178535,918475,54639
CRACKS reserve,SwinUNETR,0.0375,0.14916438675330726,0.820949162428058,0.2524578251124477,191424,1091885,41750
CRACKS reserve,SwinUNETR,0.0275,0.1328929071308943,0.8783097600933208,0.23085607102015096,204799,1336284,28375
CRACKS reserve,SwinUNETR,0.0175,0.11250256261274208,0.936682477463182,0.20087815789183244,218410,1722968,14764
CRACKS reserve,SwinUNETR,0.0075,0.08592286347607732,0.9836431162994159,0.1580406160800263,229360,2440011,3814
